Actual,LR_Pred_Top5,RF_Tuned_Top5,DT_Tuned_Top5,LR_Full
56.5,55.55412150891803,55.354499999999945,56.5,57.45704445662238
73.0,68.83971171204453,68.26349999999996,68.16153846153847,70.5639469163873
82.5,77.51431695569845,82.5263143382354,83.16,82.67306533013209
75.6,75.64140538604232,76.30947353479849,75.62352941176471,77.08780885514702
53.0,60.13523500426406,51.87049999999997,52.00000000000001,54.296005188958226
65.2,68.85340790534505,65.55949999999993,65.01249999999999,61.92568796664706
72.4,74.30839080629904,73.55964464285708,74.28928571428573,74.32474265607965
74.1,72.42104868516094,73.90450000000006,73.96842105263158,74.00984183714768
77.0,77.58329456241006,76.02235537133434,75.49190751445086,77.76527044997364
67.8,72.52272014722328,67.81833333333324,67.5,67.4738699384087
73.1,73.09868595258295,73.25522725215957,72.13333333333334,75.15933492299976
75.1,78.78107501376991,76.15670517399256,75.49190751445086,75.66474546331249
44.3,35.80817710102547,44.86300000000009,45.17142857142858,44.25977188622556
47.9,47.88078541192017,48.37700000000002,46.38333333333333,50.84507788618649
74.3,73.16168574038515,73.90916666666676,73.19014084507042,74.07661284528804
74.6,74.57771179245617,74.87481664502157,75.49190751445086,74.73628730275125
78.4,76.64037520766246,77.36963624338625,75.49190751445086,78.4810478984951
77.7,77.3849685874101,77.06199999999993,79.89545454545454,77.63629863126835
79.1,78.73252743894143,80.36875,79.4,79.52760258001753
73.3,71.3272716166464,73.46567499999996,73.37222222222222,72.25687568148557
62.8,67.51592833434395,58.93149999999997,57.66956521739131,61.163249473645536
82.5,76.52168097751691,83.03506086601308,82.43953488372094,84.40341117727229
54.0,61.47865922746044,51.965,52.400000000000006,50.45037049289739
63.4,64.18101668939926,63.13924999999992,61.690909090909095,62.051931607730175
72.0,69.25150026153734,71.30750000000005,71.11999999999999,69.5215726785534
47.8,41.332646828127594,47.71849999999998,46.38333333333333,44.25524078716366
52.1,54.806963607427676,52.648000000000046,52.7,54.3438296171958
75.1,74.64835790751795,74.86366666666672,75.49190751445086,76.5958416845374
65.6,65.02517468318683,66.3085625000001,73.91666666666667,65.18172527410407
78.4,79.42375351789327,78.4545,78.05,78.78669716102814
73.9,72.89533060062627,73.4491666666668,73.19014084507042,73.63038550421227
76.3,70.89826373843654,76.54600000000006,76.225,75.84317909797748
61.2,61.7433051131641,63.7279999999999,66.2,62.86236686832952
69.6,68.58303769879294,69.21849999999989,68.16153846153847,68.27483546919939
72.7,75.58807330620682,73.50950700280113,74.28928571428573,73.2762299645772
57.9,53.47025211147622,57.35250000000009,55.6625,58.818077567448384
74.5,74.3187433153321,74.5590974904833,74.28928571428573,74.91958642355578
69.4,69.97964665093673,69.01350000000008,68.95555555555555,70.20975313827518
77.0,75.69668654454917,77.30999999999996,77.98333333333333,76.9686288289726
75.4,70.56800088335986,75.06799999999998,76.225,75.44724663993156
57.7,58.422907786474056,59.291999999999945,58.831250000000004,61.46010887340726
67.3,72.03925152804813,67.33733333333325,67.5,67.15055127597566
78.5,76.82528486914053,77.00295000000014,75.49190751445086,79.09004041672127
54.2,65.77991633746579,55.69749999999996,55.65,55.022450180915854
47.6,57.10695539662259,50.452000000000055,45.35,48.36998055806213
68.9,71.59093803300007,69.88849999999995,69.01818181818182,69.11541430403966
79.4,77.29833671924582,78.75648333333324,79.89545454545454,80.30627268959557
67.6,70.1087436405021,67.79300000000005,66.4,67.90766517579854
63.3,70.06436866016821,64.202,64.60000000000001,66.03649223661465
59.8,61.078281594244004,59.381000000000014,59.2625,59.81813915718646
71.7,72.89260592017641,73.18247371794874,73.21739130434781,70.70473757008648
73.2,73.22616332650965,75.27379259259271,75.49190751445086,73.40899074971895
66.5,67.47808772289903,64.92650000000002,61.13333333333334,66.18723095509115
58.6,59.582024045604705,59.156999999999904,60.375,59.54839866892138
67.7,69.09560556190799,68.85849999999989,71.72777777777777,66.66446295050142
72.8,70.14534750564107,72.94224285714282,71.51071428571427,73.23750121842342
69.2,70.49280249456609,69.67249999999993,71.63846153846154,69.90834620172251
72.8,72.36991046749542,73.91165898391255,73.58800000000001,72.82885370322326
76.4,73.53444805549441,74.8607588888888,75.49190751445086,76.26754079502598
53.3,51.6626787177284,53.80949999999995,52.8,54.34165856994842
72.5,69.22312871203319,70.79450000000003,72.7625,73.38020026474851
69.0,66.32044048839352,69.25750000000009,70.25,69.822401514618
59.4,57.35012858001127,62.21550000000001,63.849999999999994,58.514042289524866
56.0,60.646015048088636,53.02850000000006,52.28333333333333,50.90119089020309
54.1,54.12639093829793,52.64499999999998,57.83333333333334,52.52901474434361
81.9,79.96803818555377,82.31170833333336,82.43953488372094,82.94909436238193
64.5,64.85286870064846,60.74600000000006,63.85,73.53315247774142
55.3,63.76285212679134,52.36199999999998,52.00000000000001,56.47433088103561
73.0,70.20752431623765,74.08562492368746,74.28928571428573,72.61858966408077
72.4,74.65448660658025,74.28213553391046,75.49190751445086,72.2260434798019
75.5,67.59132261773553,73.52725000000004,72.825,75.42451986176967
85.0,79.3604949266068,81.03000000000002,79.4,81.25525090157281
74.1,77.25435709567205,75.38886011904755,75.49190751445086,73.61568004236936
75.6,77.49066782108122,75.61150000000012,75.08333333333334,75.55241875906083
53.2,55.149567311117906,51.8595,57.83333333333334,53.74335663957148
75.2,72.38132515509645,76.52650175438595,75.46666666666668,74.66405984874716
74.9,78.15174783487399,74.6798971153845,73.14,76.08744549339086
74.7,74.40598733821712,74.38612970560997,74.28928571428573,74.39198541251716
73.3,73.82542791675118,75.27075925925931,75.46666666666668,73.295795532859
77.3,73.97041469654594,74.76539681623932,75.49190751445086,77.39547027041317
75.9,74.01681962129553,74.89760407239837,74.28928571428573,76.9699655516543
83.0,78.26395423953934,81.6265,82.22,80.95837161651964
71.3,71.78075075513853,72.42400000000012,71.11999999999999,71.32707529735676
63.8,65.79199758738014,64.13400000000004,63.760000000000005,64.14740098918516
76.8,77.06514823955288,76.34600000000017,76.00000000000001,76.67070303498124
65.9,66.70665442462033,65.50949999999995,65.4875,66.1957884853088
74.1,76.12095340424106,76.533414010989,75.49190751445086,74.33416197925385
79.1,76.89097309797629,81.72724999999994,81.49999999999999,80.06681929985646
77.8,77.56119299815695,76.93372675010174,75.49190751445086,77.78676238723469
77.5,73.85132415760829,77.62549999999993,77.6857142857143,77.33072556314883
62.2,59.796381585872226,62.42887499999996,63.977777777777774,62.745766698454695
79.5,78.30303879802614,79.61699999999982,79.89545454545454,80.92426824195047
81.1,75.34380900279336,82.59299999999993,81.99999999999999,82.56967404864821
77.7,76.77292782671984,79.79800000000004,81.15714285714287,78.43879713075513
65.3,71.2845607578683,65.12050000000005,65.6,66.80858850658966
51.9,63.61248333445111,53.171499999999924,54.925,55.56550143934128
74.7,74.69499949884398,77.37978809523818,75.49190751445086,74.61321583025757
67.3,66.01735843647313,67.87049999999996,67.81818181818181,67.25943147235405
66.2,62.00280767847766,64.68049999999992,63.63333333333333,65.53444278358336
84.0,82.4470362259762,83.05000000000001,83.97999999999999,81.70084517173706
69.6,73.04568781551129,70.15799999999987,68.525,68.67863006929744
51.2,54.92157952559128,53.98850000000004,54.725,51.503170419179746
74.6,75.51792002954592,75.26866538461529,75.49190751445086,74.86441138637025
76.9,74.65948392825865,75.96894619883042,73.0875,76.96480343060716
58.0,56.42954182730191,55.795500000000004,57.83333333333334,56.81912976278106
75.6,72.25919474713062,75.10595833333336,75.49190751445086,76.42574791905994
57.4,59.574049030756335,59.84450000000003,57.73,56.23487187116377
75.7,69.91381975378023,74.4589999999999,73.19014084507042,76.33852161181689
63.3,63.82654276847415,62.90049999999994,63.760000000000005,63.17002770471271
67.3,63.614764719704354,67.26207142857133,65.8529411764706,68.12720770000129
82.1,80.55857087716915,82.76583333333332,83.915,83.40851176673362
71.0,68.90435275933942,72.53471428571433,71.51071428571427,71.65491280455811
81.8,79.96710373042694,81.7363230769232,82.43953488372094,84.00713620531324
62.9,62.89927609499103,62.73400000000003,64.94285714285715,60.89386885783843
75.3,74.94238063961211,76.34100000000011,76.99795918367346,74.83682364393587
83.0,80.31283201804033,85.14699999999998,83.915,80.77420833565098
82.7,79.61893101951348,84.02564930555567,81.49999999999999,84.53242809838595
72.9,74.41330270325544,73.84488879462047,73.96842105263158,73.85752671069456
59.8,61.48642609814365,62.219249999999995,61.5875,61.009750884846994
75.2,75.07015062803026,75.90346759259255,75.49190751445086,75.37734720616703
73.0,70.77942857603875,73.36730000000001,72.15,70.89401792366414
76.0,70.42223994856992,75.15549999999998,76.01111111111112,76.97826233354937
72.2,71.111395767178,72.19414285714286,71.51071428571427,72.57287803206857
71.1,67.95985930492017,72.49999999999993,73.91666666666667,71.10539177113702
74.3,70.3481313326296,73.99900000000002,73.19014084507042,74.79051575453919
70.0,70.70277026114658,69.64899999999987,68.6375,70.57062504686618
69.5,70.39417662164921,69.65359999999991,69.01818181818182,70.84270848788452
74.4,74.89619396986504,74.55413746031749,74.28928571428573,75.70216612013829
69.9,68.61624594079419,71.90100000000005,71.26666666666667,71.84120755135066
75.6,77.92517660100873,74.6127777526395,75.49190751445086,75.81173781141058
73.6,72.22349054375134,73.75900000000007,73.19014084507042,73.33971672104182
67.9,70.04657779530952,67.9740000000001,67.94,67.51668849202042
54.0,67.10504223684357,56.95600000000006,53.50000000000001,48.5141532203844
81.5,75.31721120987723,81.36700000000005,82.43953488372094,80.6221684380659
86.0,81.2654472000759,84.53000000000002,83.915,81.54948147237867
74.0,76.49660202365409,74.2485,75.49190751445086,74.496339517082
79.0,79.74687108438708,78.88649999999996,78.71666666666667,80.59640914686995
64.4,69.46247716648575,64.8860000000001,64.63333333333334,65.66781496639909
79.0,77.16270098053094,76.58983703703701,76.99795918367346,79.90305684515864
82.5,80.12197358382183,82.02905277777786,82.22105263157896,82.52853862107548
72.8,75.3490014136945,73.67801811391222,74.28928571428573,73.49343156407889
71.6,76.40625234806342,74.51699999999997,73.85833333333333,73.26092102795187
64.0,63.546880749608526,64.60637499999996,65.01249999999999,66.42774235975094
81.5,79.30187600630009,83.0777777777777,82.43953488372094,81.14287782534448
74.6,72.88096820999473,75.02356904761905,74.28928571428573,75.2876387038172
56.5,54.72951980068446,55.94150000000001,57.83333333333334,60.142008376190994
78.7,80.02858506120963,78.82049999999998,77.1,80.3340283737351
55.3,64.69996619934878,53.5118888888889,53.50000000000001,57.70419359579101
81.6,83.25160855920888,81.69604797979801,83.915,83.4561875216968
67.1,69.57757732361718,67.11224999999996,67.5,68.13730740001203
52.1,60.614595277813244,53.09500000000003,49.6,53.72584772970572
74.9,74.45521687111489,76.03283333333346,76.00000000000001,74.42548416925199
59.9,57.955277786694985,58.5373333333333,58.831250000000004,60.877548241284046
82.0,80.96624382523753,83.04318686868685,82.22105263157896,83.80236017171627
77.5,73.54152593533168,77.55299999999991,77.6857142857143,77.04361202356311
76.5,77.19388946873755,76.60137976190465,75.49190751445086,77.36886070817934
73.5,70.52344086180278,72.1378712121212,73.71578947368421,73.23637772877262
76.5,77.5763326805384,76.76400000000005,76.91666666666667,78.35265216720857
57.9,56.64875107442349,58.778999999999996,60.6125,59.4186383866798
66.8,66.7157798710205,66.99499999999993,66.21666666666665,65.69699203160665
68.7,75.7710536124227,68.00899999999997,66.07142857142857,68.52166099655474
61.3,60.09374607527464,63.57400000000005,63.849999999999994,62.19163791539832
74.7,76.39912008978857,74.38420557359298,75.49190751445086,75.43236729062683
54.6,57.950053781816905,55.42550000000009,56.35625000000001,53.869265462599145
49.2,56.29731604036938,52.057999999999986,49.23333333333333,50.0957974085306
72.6,65.46575389508517,69.40049999999998,65.22500000000001,72.20390405355124
66.5,60.08697019881126,64.4644999999999,62.91428571428572,65.90370217513387
77.0,70.32558526856742,74.17199999999998,73.19014084507042,71.24777377570769
51.2,64.94162324590208,52.20250000000007,52.05555555555556,51.585367364346155
71.9,70.4758265789395,71.55341883116894,71.51071428571427,71.69566769323247
67.6,69.8582896400276,67.87133333333333,67.34285714285714,68.98340529368299
71.0,66.85685203024853,72.72594999999993,73.19014084507042,71.00975744262743
51.3,50.780797864321045,55.11349999999997,53.385714285714286,52.53687257418254
77.2,75.835636982121,76.86370753968245,75.49190751445086,77.85355392588109
76.7,79.04473769445212,76.6242499999999,76.91428571428571,77.438869190199
55.7,65.36849784912744,57.29049999999996,54.699999999999996,55.674760806766706
62.8,60.95510972120966,64.01200000000009,63.0,62.602646166740364
87.0,80.77913325103529,81.7035714285714,79.34,81.54995906712388
59.6,59.76530124261094,60.65199999999995,61.11428571428572,60.26796998020732
65.3,66.55031099578135,67.03699999999992,67.81818181818181,64.81787741984262
67.0,72.02607876223912,59.611999999999945,57.66956521739131,60.345957774735055
43.8,45.290309405896444,45.43600000000011,45.17142857142858,48.83576888565713
73.6,72.91149102412082,72.6000333333334,73.85833333333333,73.35902151731257
73.6,75.77370707323476,74.86864540999937,73.14,74.19249093231537
75.6,72.89746809830432,75.04253846153846,75.12857142857145,75.95903086317546
73.5,72.54114060979495,73.08250000000014,74.08333333333333,73.12139225804451
62.9,64.93255780728798,63.27800000000001,63.575,63.281326765734605
74.2,74.72435394539353,74.86518470057713,75.49190751445086,75.00363203105171
78.5,77.18369267607962,77.41918869047628,75.49190751445086,79.55239282213643
78.0,76.15381539361013,77.76135370370379,75.49190751445086,78.18277930013899
73.8,71.8181564455842,73.99822339317548,74.28928571428573,73.88706845765981
81.7,74.06102988001216,82.26091666666663,82.43953488372094,83.30771396707598
82.0,75.90693876992647,81.82530392156873,82.43953488372094,82.1519505786888
57.6,59.35120086656662,56.83700000000011,59.2625,56.66329001183993
74.8,73.31858793183733,74.40200000000002,74.42,75.5605514161347
73.9,75.63620145400901,74.1533083333334,74.28928571428573,74.16289677664815
51.7,62.3996328403317,52.102999999999994,52.400000000000006,51.669248719812394
79.8,79.69485103465992,81.78195833333326,82.43953488372094,81.03560514118695
67.5,65.6041162892545,66.43299999999995,65.8529411764706,66.68057912977827
62.3,63.23431415465887,62.77849999999996,63.977777777777774,61.1006886756978
56.4,64.33342340398777,56.545999999999964,57.66956521739131,56.506804639847786
75.3,75.93201760419771,75.08609523809542,75.08333333333334,75.43383093562991
51.9,47.16131310705881,53.09699999999991,54.54999999999999,53.451500965343584
74.8,74.37533470221969,74.28922206421039,74.28928571428573,75.19954876651514
72.5,68.2080555469985,72.108,73.05714285714286,72.23167993699916
80.0,78.39238719427718,81.84849999999997,79.93999999999998,82.0207470807868
81.6,76.20350095483643,81.52400000000002,81.81666666666666,83.29432089257901
45.3,61.29224266572158,49.54299999999996,45.35,46.059789131257226
66.1,67.37997253706597,66.14699999999992,65.87142857142858,66.13565104379398
79.4,81.10522196000208,79.53549999999989,79.93999999999998,81.5528854315331
65.0,58.78170907791784,64.34700000000004,65.38333333333334,65.25765422032228
71.6,70.30143778685903,72.6751931818182,73.19014084507042,71.9310405936522
75.8,76.7842167264515,76.20500000000011,76.00000000000001,75.88459630069006
73.6,69.55132917289878,73.711,74.08333333333333,73.86066410879285
79.1,77.86411907098262,79.53450000000002,79.89545454545454,80.09846302375311
76.0,74.75001668713274,75.12337539682538,75.49190751445086,76.36307441863838
52.0,55.58137203655399,53.39816666666665,53.8,52.72428513517277
76.3,79.3048771707315,76.52900000000011,76.00000000000001,77.06089446448789
68.3,67.40311804387122,68.89649999999997,68.43043478260869,68.91331421306305
74.4,78.95197225091727,77.67299999999999,79.4,75.28986809408504
74.1,76.94518391867601,73.70350000000008,73.0111111111111,73.7946897698509
68.1,66.22319532107471,68.51999999999987,68.58333333333334,67.97397802560805
72.7,72.92281009434711,73.06455454545448,74.7875,75.0703175102525
67.1,67.21298474436931,66.99116666666659,68.43043478260869,66.76780904226523
81.0,79.1835187942421,83.85949999999998,81.15714285714287,81.48279465081417
52.4,50.92464167948268,53.56899999999999,52.8,53.637372819810686
75.7,72.23458664374257,73.68361666666671,75.46666666666668,74.46222673003572
61.0,66.42264411698103,64.45800000000001,61.13333333333334,62.57773356467435
73.5,55.45591652011653,73.3069999999998,73.57499999999999,72.08875402550896
81.3,81.56322817622355,81.99599305555552,82.22105263157896,82.65959293555147
69.0,61.77527094463491,62.534499999999944,62.9,61.23201482662103
71.4,78.78580883386206,72.6432500000001,75.49190751445086,71.50846182331915
73.3,69.11478605661344,73.59905714285725,75.12857142857145,73.91467931795313
79.3,78.14829920618978,79.69838888888894,79.89545454545454,79.91188840372871
51.6,55.10075144809012,53.44900000000001,53.385714285714286,51.589058283239375
57.3,57.795285134622404,57.29449999999991,58.831250000000004,56.381959460256496
73.0,72.02667252590231,72.97099999999999,72.8125,72.84819884884851
76.6,75.78784590555654,75.68512499999999,75.49190751445086,78.54493155348571
77.0,78.76816386704596,75.94637115384614,75.62352941176471,77.20752279669651
58.6,64.80800310617953,59.00649999999994,60.79999999999999,56.52273296508785
78.8,81.52368103028864,79.31099999999998,78.88000000000001,80.15616056236004
68.0,70.56784630526819,67.60962500000002,67.5,68.32883309383236
79.8,80.705789801314,80.04650000000007,79.34,80.35431928333382
74.9,77.96691044221096,74.34472568681306,73.14,75.80658823366164
73.9,73.68842313260181,74.00338333333339,73.21739130434781,74.57499948352557
79.3,74.85268466634471,80.5645,77.42857142857143,80.8884836302627
72.1,72.420306177343,73.37228899834265,73.71578947368421,72.64809761583518
71.7,70.79516057685683,72.55222500000008,73.19014084507042,72.1715281128102
79.9,78.25571213795408,83.44649999999996,86.425,81.07249222924925
62.1,64.03912504070342,61.03099999999998,64.525,62.83214670881356
83.0,79.8019205761438,82.87259375000018,81.49999999999999,84.91588471133235
62.2,64.35122696413247,62.345499999999944,61.11428571428572,63.453187976953544
73.1,70.81369561676102,73.62762236842116,75.12857142857145,72.5466855612604
73.0,69.4178543295602,72.70300000000007,73.05714285714286,72.37832668336974
67.7,68.05703160494738,68.2169999999999,68.43043478260869,67.5714885081681
79.8,79.70878341394231,81.14550000000007,85.12,81.8031745906087
81.7,79.48486556293041,82.7738055555555,82.22105263157896,81.88536264648782
75.2,75.07906242860452,74.88970982905975,75.49190751445086,74.26138259367356
79.4,80.21759253306531,81.64450000000004,86.025,80.00392084756936
72.2,70.31036064894882,73.11358809523807,73.71578947368421,72.69487760651268
74.0,66.78500685495774,73.1249999999999,73.19014084507042,73.8610579227657
71.2,71.29856068246103,72.5241000000001,73.19014084507042,72.01265047403479
55.0,52.24982434094173,54.386000000000024,57.83333333333334,58.45635480205928
71.0,72.68617981637873,71.76149999999998,71.51071428571427,72.33704920673898
46.3,58.31532374549102,46.73200000000009,44.54,48.38061749799747
59.5,58.19560450541894,59.68450000000005,60.6125,60.71314432150419
75.2,75.17758670837414,74.63387500000003,73.11,75.08759043243522
51.4,40.57602997486773,53.436000000000085,54.75000000000001,49.681637526089645
58.5,58.8822971807628,58.804999999999964,58.831250000000004,61.592054220401735
52.5,47.06475501381132,53.42799999999995,54.54999999999999,53.71488426764183
79.2,79.8146980011441,79.39000000000006,79.46000000000001,78.3601013797299
65.5,67.12371027234683,66.32816666666656,65.87142857142858,65.84367499288669
73.3,72.20905306042185,73.1284166666667,73.37222222222222,73.42603840960248
75.4,76.8210516349738,75.8318244047618,75.49190751445086,75.73564398586949
82.1,75.7639250251545,81.89247058823537,82.43953488372094,81.7839153179424
76.7,69.67136920136052,75.3554999999999,75.46666666666668,76.01904782243344
54.0,47.85616283111723,53.33550000000004,53.22222222222223,50.22903005558669
76.4,78.19278816314082,78.10399999999996,78.01428571428572,77.99555730531495
78.0,75.75660788541053,78.28599999999982,78.33999999999999,79.44997659925801
77.0,70.70132959490688,71.61922500000003,71.87333333333332,70.14308288828887
61.6,65.42464879994003,62.5618749999999,61.900000000000006,62.515892474352064
58.0,53.71236137639217,58.021500000000145,59.2625,59.165808166348
76.0,73.34462199359464,74.97535739538235,74.29,75.30185841376084
74.7,76.69410579430408,76.91600000000003,82.22,75.31443618043086
59.0,65.4081201409698,59.621499999999976,64.525,58.85564772832403
73.5,76.0544246866813,73.34751785714286,73.21739130434781,74.08894573664475
77.5,74.25136871921544,75.42353095238103,75.49190751445086,77.92546506470055
75.4,77.15951451678664,75.87864630277124,75.49190751445086,76.41656858972061
71.0,68.43375962868129,71.73750000000013,70.45,72.21285094649346
75.4,74.7455030349501,75.32074166666665,75.49190751445086,75.04756967730916
77.0,68.08572706137106,73.43150000000009,74.25,72.10099852766646
48.2,57.192443347721046,48.88800000000003,48.94,48.848874947767456
72.6,75.72358388011367,73.28920343137256,74.28928571428573,72.89502711744346
74.5,71.0052750223726,74.72546666666675,73.19014084507042,73.73084588569984
72.8,74.50505998284932,73.44800000000005,71.31666666666666,74.46795388104285
79.3,77.68055226927555,78.66299999999993,78.92,81.44877100165951
53.1,47.062549964037935,53.06250000000001,54.54999999999999,53.869818243393134
67.7,72.17173147898609,66.81350000000005,64.63333333333334,69.75945113122285
75.0,70.14343285418359,73.49891127622372,73.58800000000001,76.12770237034961
46.0,55.418122299358885,47.25800000000006,48.050000000000004,44.741800685533015
71.4,66.40986389948156,69.0070000000001,73.91666666666667,71.42110693282878
72.9,78.33638708749967,75.69699999999999,75.49190751445086,74.09218121624558
68.7,77.18316030160288,68.82649999999995,66.9,69.04052595024008
72.5,73.8395477207879,73.2442211538462,72.5375,73.49937619409877
77.1,76.23879260618745,77.04949999999998,77.1,77.59009530573174
60.0,62.66797446298464,63.454999999999984,65.38333333333334,61.3366420043685
55.3,66.1532464644311,55.619,54.699999999999996,55.61160704618294
65.0,68.67141159439794,64.57000000000002,63.85,65.56135735704038
56.3,65.48676357502787,56.80050000000008,58.43243243243242,56.23242350184825
78.0,74.0495837822734,77.78899999999985,77.6857142857143,77.87098227522668
74.6,75.84981120054529,74.54641666666649,75.08333333333334,75.4646771088221
63.8,52.2685550066232,64.89399999999995,65.975,61.17825024784074
74.3,70.28119824124684,73.86865265575926,73.71578947368421,74.39086791548374
81.3,82.76867250504668,81.30602020202019,83.915,81.21480623371787
71.6,70.13246113721672,71.86675000000012,73.19014084507042,72.73333032318483
66.2,73.04007227851558,67.51550000000003,66.07142857142857,67.07527251477609
61.3,63.95170668286784,62.361499999999936,63.760000000000005,62.601753765734756
68.8,67.16080582505498,69.11749999999996,70.45,69.37793883465095
72.1,69.85240975381475,72.0221666666668,71.63846153846154,71.34410390244477
69.0,68.24716013606658,67.98799999999987,68.425,69.23016501186562
68.9,72.64240193467825,68.47000000000004,68.525,69.57411283190407
62.8,64.18436077988079,62.013000000000005,63.85,63.411535944860084
74.2,72.02188061340456,74.00681823715928,73.71578947368421,74.04617286970841
72.0,70.42114153574475,72.93743484848497,73.19014084507042,71.42400060098821
58.0,56.958919828446426,51.126999999999974,49.23333333333333,52.04140197886704
73.9,75.15804262005713,74.38052910052919,75.49190751445086,73.84856695969802
69.8,71.04621451565578,70.88550000000001,71.87333333333332,71.41732844000087
76.0,70.45288609514502,72.8445,73.19014084507042,71.41184574953304
79.3,76.23275691626726,78.77350000000015,78.78333333333332,80.85802546201529
48.9,55.68842612323033,62.17149999999999,63.977777777777774,53.03702839008139
74.3,75.43841933024711,75.36004675925932,75.49190751445086,74.96065033847982
79.7,77.22434972393967,81.75049999999999,81.49999999999999,80.7025014140508
79.9,82.40250974471189,81.70594642857135,80.32857142857142,80.93014402465364
72.1,72.2718424783505,72.18540871212116,71.51071428571427,73.702818689294
67.1,69.02072875927941,67.06600000000007,66.21666666666665,67.70787535816336
63.7,62.804833615302584,64.63749999999995,65.8529411764706,70.66586732923409
68.0,61.75876504758325,61.32587500000007,61.455555555555556,60.738736426513384
62.5,60.76643353854491,63.909500000000115,62.91428571428572,62.15233259920619
72.3,70.39304026733356,72.5133333333333,73.19014084507042,72.41712510209271
67.0,60.09398395970812,59.045499999999954,57.83333333333334,57.60562757738198
75.0,72.49438784324673,75.01333333333343,75.08333333333334,76.7174351073465
61.8,63.74714726187683,62.125500000000066,61.11428571428572,62.735359373014234
72.0,72.33837600297825,73.30700000000007,76.01111111111112,73.41735894054982
64.4,69.48736630770793,65.74799999999999,65.01249999999999,64.49520835099193
58.4,60.542463685061,59.629,59.2625,57.86108929217424
73.3,73.10610428749226,72.37333333333328,73.85833333333333,73.6428315655885
74.7,69.47988399277405,74.28999999999992,73.11,74.51546288812916
77.5,81.3104737034749,78.98549999999987,78.71666666666667,78.45295675291847
75.7,72.81244885723308,74.82212108585856,75.49190751445086,74.80868416471179
73.0,77.26230725005537,74.89611741854627,75.49190751445086,73.0065581566545
79.0,70.49042573935948,71.04849999999999,71.11999999999999,71.7825977697257
52.7,58.967288375924596,53.51549999999995,54.400000000000006,54.16684487539635
66.0,70.2221601149328,70.46150000000002,71.31666666666666,68.74276064795596
75.0,75.89113836264885,75.91243148148149,76.99795918367346,74.45211955404692
74.1,72.75791033817697,73.95600000000009,74.42,73.42064550631133
69.9,63.12438968191955,68.33949999999993,73.91666666666667,69.51772050470379
72.3,74.16392679761739,73.6031666666666,73.85833333333333,72.77419816336418
75.4,77.58145548357857,75.21359702380958,75.49190751445086,75.79693606068452
59.1,51.857046666358535,56.661499999999954,57.325,59.9046485554981
79.9,81.48635925594847,81.67311111111107,79.93999999999998,82.2568477829441
56.5,58.98580777259339,58.321999999999946,58.831250000000004,56.93052567414005
71.1,72.09735869882192,73.45000000000002,72.5375,73.16145788054538
75.4,75.18648592616296,75.94608333333343,76.99795918367346,75.12750952337603
57.4,60.35352777233503,57.487500000000026,55.65,57.4649334066619
63.8,63.64368641872122,63.49600000000012,62.9,64.073373233539
84.0,79.1336865097016,83.28366666666666,82.43953488372094,80.77305186516152
79.3,78.6316376879012,80.76399999999991,78.975,80.50975985109513
79.1,81.33629393888414,79.63649999999998,78.71666666666667,80.35947747932478
73.0,71.60557609083477,73.29850000000003,73.19014084507042,71.8634388834054
54.5,51.05118248689684,54.293,54.04,54.27688730716471
71.1,74.69902622659401,74.79484259259263,73.11,71.84167314333109
74.2,76.77281220761331,76.52282521260412,75.49190751445086,74.82465856172631
51.4,52.310503078392,53.450999999999986,53.22222222222223,50.55694919226467
76.0,70.86473522100657,76.16486842105239,76.01111111111112,78.09703038382752
63.9,67.89425225601508,64.24249999999996,64.63333333333334,64.6970674882467
77.7,79.06478052591955,75.88236758241746,75.49190751445086,79.34428990230136
80.0,80.00221551924935,82.2670000000001,81.8888888888889,81.82639340103105
82.0,78.12166451726983,80.53000000000003,81.15714285714287,81.71613307480432
63.9,63.99402459170395,63.4438750000001,64.94285714285715,61.25504752451359
73.5,69.92542948247481,74.46916666666664,75.46666666666668,74.7377974923218
78.9,79.74194061135417,78.90999999999985,78.47142857142856,79.34480494747766
66.0,63.48136594218294,63.83450000000004,64.94285714285715,61.08110509680752
81.3,80.87040041644906,80.69899999999996,78.975,82.89766598612326
73.0,75.46530390030793,74.96340189393942,75.49190751445086,74.7491307648412
64.0,62.01043644039342,65.05799999999995,65.22500000000001,62.667536457612215
68.2,71.9697314980557,68.52999999999996,68.525,67.61349532832831
79.0,78.05365014446045,79.17238888888895,79.89545454545454,79.81450554250992
78.1,80.7312650195981,78.33999999999986,78.71666666666667,79.49779178213991
72.0,71.1515654528322,72.44971547619039,72.61818181818182,72.73352755008699
73.5,73.86704479269498,73.42849999999986,73.625,72.68009552582899
55.0,49.39209905223253,54.6330000000001,54.75000000000001,55.31858660311264
62.1,62.21983305935534,62.56550000000002,63.977777777777774,59.62949906938805
49.7,58.34763239257514,49.66449999999996,52.28333333333333,47.55558462780064
86.0,72.10276947877422,84.14,84.57142857142857,80.73487861525783
73.1,75.81968352724905,74.42270833333339,74.29,72.93427979380714
72.3,70.53188166514269,72.28259285714289,71.51071428571427,73.86510167027292
68.0,67.62550235416884,67.91250000000005,67.81818181818181,67.92911117999243
78.3,73.2327776358769,76.91856666666673,76.99795918367346,79.0685200497123
80.0,77.98732597139025,81.89549999999994,79.89545454545454,80.78308973853763
71.6,65.10968989084319,71.89749999999992,72.67777777777778,70.76733334571973
66.8,72.2588585054406,67.7793333333333,66.07142857142857,70.18804850314794
73.3,76.42376819846977,73.78900000000013,75.49190751445086,72.50343520916398
65.7,71.34431640204585,66.22550000000005,66.67142857142858,67.29973630569499
73.0,74.21245717460589,74.78340925925929,75.46666666666668,70.78694042391213
62.6,63.51946320297084,63.48700000000009,63.0,62.3745826860368
61.4,61.98862157992121,62.47399999999989,62.9,61.98373020335109
60.0,64.37423089406072,62.55350000000001,61.455555555555556,59.987735966591565
68.2,73.55025118728959,73.10300000000001,75.475,67.94514988312393
66.5,67.18416893545373,67.07449999999999,65.87142857142858,69.1343029051755
78.2,73.80756742343553,78.26074999999982,78.6875,79.4945242071848
63.5,61.692330644262036,63.8329999999999,61.13333333333334,63.033952233619935
52.7,47.5385854826762,55.199000000000005,57.325,53.40242938364587
59.3,65.3340088918139,58.99999999999999,60.79999999999999,57.526271693779734
86.0,82.63502720538418,83.74763636363633,83.915,81.2460991391473
74.4,70.4000941702956,74.2000000000001,73.19014084507042,73.88176962447352
71.3,74.83189293618707,70.99499999999996,70.775,72.268307285633
78.0,70.8132267636475,72.36847500000005,73.19014084507042,71.69463849279967
66.0,68.70309373653639,66.86849999999986,67.34285714285714,66.13090678509629
63.6,75.048674341594,66.1494999999999,66.07142857142857,74.08699301320027
77.3,80.62788734806675,80.28550000000007,77.1,77.50524471267147
70.0,68.79701523313622,72.48171428571432,71.51071428571427,71.40609608667243
74.5,75.59339716913875,74.73300976800988,74.28928571428573,74.27929699438211
79.3,76.95192268547572,78.27516666666651,77.42857142857143,80.55188008871143
75.8,78.69483387262787,74.7778333333334,75.49190751445086,76.36845459291253
79.6,75.8743116837157,78.54449999999996,77.98333333333333,81.19181371136878
69.7,78.71443850221098,74.99745128205126,75.49190751445086,70.84889009261329
64.4,64.94352242453054,61.110500000000066,63.85,73.86410192114238
78.0,82.88838057782725,81.73399999999997,83.97999999999999,79.75798670446108
73.1,70.30184811569771,72.74100000000004,71.31666666666666,74.18269573908357
51.9,48.80840318057963,52.97550000000002,53.22222222222223,50.82949172154727
74.7,76.02655890610993,74.66337087912093,75.08333333333334,74.56733967470385
83.4,80.14486269097925,82.9905000000002,81.49999999999999,84.33134929712385
74.4,73.08584201114427,74.26750000000011,74.42,73.88895817629876
73.3,75.07197221099672,74.68029545454554,75.49190751445086,73.68722085519781
76.3,79.27493275464892,75.98923571428563,75.62352941176471,76.33524890036132
76.5,73.79044959363613,75.78569815844278,75.49190751445086,77.03209917606956
83.0,76.27984635653678,79.30199999999999,79.05,81.72521731953245
68.7,67.21351003234189,67.51150000000003,66.67142857142858,67.2528650244084
75.1,70.0197291777901,73.56958627622376,73.58800000000001,75.39771804319282
52.8,71.71709912883487,55.871,53.50000000000001,53.86004751367207
67.3,68.85448736415327,68.71149999999993,68.43043478260869,67.44092375322582
55.3,55.67727499966096,53.962499999999956,53.8,55.49437373421114
83.5,77.07031865720332,83.16071413982264,83.16,84.80779980438291
42.3,53.58852038770924,46.30650000000005,46.93333333333333,43.966724045775905
84.0,77.87508945389237,80.69799999999995,81.15714285714287,81.89629550439787
77.0,70.73647468380983,74.87149999999998,74.7875,71.68413971414628
73.2,73.18843143335707,73.49423975215961,72.13333333333334,75.68809795534477
79.0,72.69270899959179,73.96350833333332,73.37222222222222,72.99295956324107
75.0,72.28861372922331,71.77350000000003,71.51071428571427,71.83837258600249
68.1,68.83366452055445,69.03249999999989,67.10000000000001,67.64484339940152
51.9,49.261645550744475,52.822000000000024,53.22222222222223,51.60646578041161
65.1,64.93364374828806,64.96618749999992,66.2,64.7838184466175
68.0,66.01286913950891,67.95199999999988,66.4,67.7687128722408
74.3,78.21540136080941,78.39299999999996,79.89545454545454,75.0640739198125
66.1,75.97698331909359,69.56499999999991,65.43333333333334,67.34946682280103
73.0,73.41249005864113,69.76731818181807,68.95555555555555,70.10213588846628
72.1,69.31980976388895,72.86749999999992,73.19014084507042,71.95079512483858
71.4,68.64702191432933,71.56300000000012,70.98571428571428,72.87582455875047
75.2,69.50574800346993,75.18249999999998,76.01111111111112,75.65639745734302
59.7,55.71657792757477,55.28899999999999,57.325,60.47676472400879
63.7,69.12457497614986,64.64299999999997,65.8529411764706,64.26594556799786
82.0,77.76763229053951,83.57820000000005,82.43953488372094,83.29198022987163
75.2,78.91275600239011,75.86590091575079,75.49190751445086,75.9319831716072
72.2,70.61304335338733,72.07543333333335,71.51071428571427,71.87802011636141
66.7,66.4990336193111,66.96249999999989,66.55,65.92737384955808
76.3,75.43344177221262,76.34106666666673,76.99795918367346,75.63658187779436
76.2,73.51422006128753,74.92620754856256,75.49190751445086,76.07614781775837
71.4,73.14725084152826,71.66656249999994,71.51071428571427,72.49314144811252
56.0,49.45199030130205,54.31849999999999,54.725,52.06749674582947
79.0,67.06022186267643,74.82900000000006,72.67777777777778,71.28030076825395
57.4,52.979713525786394,57.00500000000009,55.6625,58.125373746738994
80.0,75.47204409396154,80.75600000000014,81.15714285714287,81.37169362831852
62.2,63.05546649978503,62.19599999999995,61.5875,62.85702104049249
64.2,61.81054011963853,64.07037499999996,63.0,63.16534421156152
59.8,67.77613065077433,60.18550000000004,61.125,59.87486455462734
46.0,33.03780797532457,45.121500000000054,45.17142857142858,40.1223140491428
56.1,56.48142990388444,55.18899999999998,55.6625,55.96826120901741
69.2,68.30451341333485,68.43199999999993,68.16153846153847,67.90495568780146
72.7,70.43653266844967,72.35850000000009,73.19014084507042,72.0200709438237
73.6,74.20115135350191,72.936,72.5375,73.70984195532253
73.3,73.45593635637944,75.26352404588866,75.49190751445086,73.91014347834252
54.8,57.45908692739097,55.31150000000006,54.400000000000006,54.26022316191734
72.8,72.59032465531386,74.06028125000007,74.76666666666667,73.0682962231478
75.2,69.3733098797656,74.3014999999999,74.08333333333333,75.04156269014719
64.7,67.35554369985967,64.3725,63.760000000000005,69.95078480726794
75.0,71.94386379161497,76.09016842105258,75.46666666666668,74.58352686716309
47.4,60.11669744625832,48.06100000000006,49.86,46.251442485218774
63.3,61.866165542401355,64.44399999999989,65.975,63.04070152714916
76.2,75.84362854502527,76.34677499999992,76.99795918367346,76.39388329300797
51.0,49.05227489650868,54.25050000000002,54.725,51.775950473128916
64.1,63.786434856180605,64.8239999999999,65.975,62.39547230157905
58.9,60.147772596465884,58.10099999999993,57.83333333333334,62.60105506396783
49.6,53.059300239776924,52.18749999999993,53.22222222222223,50.4481624743004
72.4,72.41379556508211,73.67953125000004,74.76666666666667,72.80116148468788
72.8,75.70350843741257,73.24949999999995,72.76666666666668,74.12217465510912
53.1,56.702041441262885,52.98650000000011,52.675,53.336821534718716
59.2,61.50069798500201,59.42550000000003,59.2625,58.03278780968707
62.3,64.07456264969022,62.429000000000016,62.67777777777778,63.147168480857914
53.3,63.7424538160555,52.190999999999974,52.400000000000006,53.34847209360494
69.1,64.70278762728135,69.22157142857147,68.16153846153847,69.76500476789482
58.2,56.60329989325761,57.92600000000009,56.875,58.41074169724906
68.4,67.5540240264651,68.65149999999986,68.16153846153847,67.36540509678565
73.1,70.51867713749756,72.17939999999996,73.37222222222222,71.88249258053219
69.4,67.8437809998265,68.70550000000001,68.425,67.85120720232592
79.8,78.91723091838321,80.77100000000002,81.8888888888889,81.2636405128096
73.7,73.61462717953063,74.11168810242044,74.28928571428573,73.07646481924736
56.1,58.52609245576597,58.42049999999994,58.831250000000004,56.559207869330756
52.5,60.021797371217794,53.32649999999999,52.00000000000001,53.82581635262317
70.0,73.87170257772883,71.64849999999994,75.8125,70.10834126897566
48.2,59.36023765420676,48.56699999999994,49.23333333333333,48.59796398733221
66.2,71.38937488549374,66.95549999999994,68.625,67.5386624195347
73.2,69.85889833362188,72.68668333333335,73.19014084507042,71.83525940825999
73.4,71.14727092351788,72.37531666666662,71.72777777777777,72.74899900511055
74.8,73.71640369298267,74.32609202380957,75.49190751445086,75.44540928771306
81.2,79.22212962662182,82.42029166666661,82.43953488372094,81.99733967565444
77.5,78.56382805300164,77.10600000000001,76.91666666666667,77.78045252090448
73.9,72.29350061846715,74.07378333333328,75.46666666666668,72.69697638252696
69.9,73.98178651230633,71.42850000000003,71.31666666666666,70.12504329065823
77.2,73.42571900241188,76.52049999999986,76.01111111111112,76.7410016836876
81.0,78.18775561526469,82.99996553773026,82.43953488372094,81.89344540138138
74.9,76.25734048253999,75.01092857142865,75.08333333333334,74.67695640909884
73.3,73.65697887799485,74.14779999999992,71.31666666666666,73.19915600734647
73.5,71.83412552978008,73.2305722222222,72.61818181818182,72.74812016688098
65.0,66.87944967760963,65.94100000000003,69.2,64.77512169491546
53.8,49.161005954749015,53.390500000000046,54.04,52.84315267115056
88.0,79.22821441492536,83.22106196581191,82.43953488372094,81.82801203535705
67.0,59.94994791833638,60.504499999999986,61.690909090909095,58.906033601442786
71.7,79.58599242178113,73.66538888888893,74.06666666666668,71.8283544330314
78.1,81.36047996624585,75.80749999999999,75.49190751445086,78.52528633225225
77.3,75.4266774734529,77.86500000000001,76.99795918367346,78.02882311338873
71.0,75.71035772065561,73.67213070175433,73.0111111111111,71.1247568497539
87.0,73.3926566374947,81.37549999999999,86.425,80.86801451747725
58.0,64.72699747104667,54.635500000000064,57.0,51.08847460451283
68.7,66.87824301387114,67.3989999999999,67.10000000000001,66.71883120040539
71.1,75.89944546227794,73.16038070175435,73.0111111111111,71.43606351285793
61.0,62.499426111923995,64.35549999999996,63.760000000000005,62.31279851107749
72.9,74.49913802216322,73.02341071428565,73.21739130434781,73.90125609324443
52.0,66.15684250536312,52.20250000000012,53.50000000000001,52.206114409881934
51.5,63.88638534320106,53.18000000000004,52.05555555555556,52.53466889175817
66.2,64.48923232931467,66.4284999999999,65.38000000000001,66.89928232874315
74.9,78.83102787345791,76.02140902014654,75.49190751445086,75.45678208872852
56.7,58.109253202559366,57.16399999999992,57.785714285714285,56.61480297700321
67.7,67.93213139359727,68.76949999999994,67.34285714285714,66.16207802818197
56.2,57.85270647655923,52.60550000000001,57.325,56.57826732350922
82.4,75.9870202399472,82.17030392156876,82.43953488372094,82.4187504971168
71.1,66.71532409635414,69.05500000000012,73.91666666666667,70.8558859214058
72.8,75.52338348284631,73.46855974025972,74.29,71.70583772944906
53.8,61.272875720258014,52.765999999999956,49.6,54.55513761568511
55.9,59.418180154343055,57.30800000000002,57.83333333333334,55.9278136697013
79.5,78.87043642563694,82.41125000000005,85.12,80.02688459520884
81.0,79.41922187153494,83.14491666666667,82.43953488372094,80.82393637952431
79.5,77.94781138590096,82.3635222222222,81.49999999999999,80.72438969732863
72.8,72.87058863495375,73.67748150623878,74.7875,74.63179829544532
75.1,76.50244894007082,74.62657684367997,75.49190751445086,75.46845509419218
48.6,51.10470288434827,49.35750000000004,49.271428571428565,49.68138426462128
44.5,34.839319468040884,44.978500000000075,45.17142857142858,43.07037696322075
84.0,80.14694731236472,83.66650000000001,86.025,82.80067610926034
65.5,63.8097279972893,65.56150000000002,65.38000000000001,65.38097454637438
75.0,67.47718152743322,72.645,74.25,71.15670587201319
67.3,71.11858838512147,66.465,65.6,67.52214643993052
58.1,50.97694003270541,56.71300000000001,57.325,58.429341669594365
51.1,52.30481020064567,53.912999999999975,52.7,53.12684635484018
65.8,65.8145701128136,64.6930000000001,65.4875,65.23608562340057
75.0,69.26543932030683,73.15650000000002,71.72777777777777,71.3578546988461
73.6,73.39008192650786,73.35836313556149,74.7875,73.15985355649688
79.4,71.91722960978498,80.07549999999986,80.28,79.97720611982663
82.4,79.86935826958113,82.43561111111104,82.22105263157896,84.41504017238806
69.4,71.15699216250165,70.76649999999997,68.04,70.67746758627506
78.4,75.11138850618832,78.13294166666687,76.99795918367346,78.28821109614807
73.3,73.58127293835615,74.11718810242046,74.28928571428573,72.7472314559256
62.9,66.61853869461622,65.37350000000004,69.2,65.44963454336937
72.1,71.83475172898876,72.26661568627452,73.37222222222222,72.56286570905883
76.6,77.04701424072485,76.77750000000009,76.00000000000001,78.12721031073698
54.4,57.65520224610215,54.884500000000024,54.725,54.817771531179766
74.3,76.36432628530409,75.56500000000007,82.22,74.92721355683301
53.8,59.15161086118075,54.8775000000001,54.725,54.45309718645179
69.4,73.84345447011242,68.35350000000008,68.35,70.71275544660192
73.0,73.64339545866,73.67906071732706,74.28928571428573,73.34574788463301
72.3,69.47632630941602,72.74562499999996,73.19014084507042,72.23053135747054
73.0,67.38817955914271,72.28449999999997,73.91666666666667,70.00752374212514
74.3,72.06497795533141,73.99333121747965,73.58800000000001,73.90171836528671
69.1,69.1183476170947,70.009,68.04,72.62412471458907
74.8,73.6422712953553,76.40700000000002,76.99795918367346,74.90616164859418
65.6,67.02653756510215,65.4264999999999,65.01249999999999,65.86965949219694
66.0,61.72876118266796,61.38416666666674,61.455555555555556,60.55117228046261
65.7,64.02852358557169,65.74550000000004,65.38000000000001,65.82085351625241
